id,stock_rule,min_packages,print_tpl_id
@md-enterprise.0484vrr9wxc74,lot,100,md-label.template_material_label
@md-enterprise.0484vrra4f18g,lot,200,md-label.template_material_label
@md-enterprise.0484vrra9etxc,lot,200,md-label.template_material_label
@md-enterprise.0484vrrabwq9s,lot,100,md-label.template_material_label
@md-enterprise.0484vrragwiyo,lot,100,md-label.template_material_label
@md-enterprise.0484vrrajefb4,lot,100,md-label.template_material_label
@md-enterprise.0484vrraoe800,lot,100,md-label.template_material_label
@md-enterprise.0484vrraqw4cg,lot,100,md-label.template_material_label
@md-enterprise.0484vrravvx1c,lot,100,md-label.template_material_label
@md-enterprise.0484vrrb0vpq8,lot,100,md-label.template_material_label
@md-enterprise.0484vrrb3dm2o,lot,100,md-label.template_material_label
@md-enterprise.0484vrrbavb40,lot,100,md-label.template_material_label
@md-enterprise.0484vrrbdd7gg,lot,350,md-label.template_material_label
@md-enterprise.0484vrrbid05c,lot,350,md-label.template_material_label
@md-enterprise.0484vrrbkuwhs,lot,350,md-label.template_material_label
@md-enterprise.0484vrrbsclj4,lot,350,md-label.template_material_label
@md-enterprise.0484vrrbuuhvk,lot,350,md-label.template_material_label
@md-enterprise.0484vrrbzuakg,lot,350,md-label.template_material_label
@md-enterprise.0484vrrc2c6ww,lot,350,md-label.template_material_label
@md-enterprise.0484vrrc7bzls,lot,1000,md-label.template_material_label
@md-enterprise.0484vrrccbsao,sn,1,md-label.template_material_label
@md-enterprise.0484vrrchbkzk,sn,1,md-label.template_material_label
@md-enterprise.0484vrrcmbdog,num,1000,md-label.template_material_label
@md-enterprise.0484vrrcrb6dc,num,1000,md-label.template_material_label
@md-enterprise.0484vrrcwaz28,num,1000,md-label.template_material_label
@md-enterprise.0484vrrd1arr4,lot,1,md-label.template_material_label
@md-enterprise.0484vrrd3so3k,lot,1,md-label.template_material_label
@md-enterprise.0484vrrd8sgsg,sn,1,md-label.template_product_label
@md-enterprise.0484vrrdds9hc,sn,1,md-label.template_product_label
@md-enterprise.0484vrrdis268,sn,1,md-label.template_product_label
@md-enterprise.0484vrrdnruv4,sn,1,md-label.template_product_label
@md-enterprise.0484vrrdsrnk0,sn,1,md-label.template_product_label
@md-enterprise.0484vrrdv9jwg,sn,1,md-label.template_product_label
@md-enterprise.0484vrre09clc,sn,1,md-label.template_product_label
@md-enterprise.0484vrre2r8xs,sn,1,md-label.template_product_label
@md-enterprise.0484vrre7r1mo,sn,1,md-label.template_product_label
@md-enterprise.0484vrrecqubk,sn,1,md-label.template_product_label
@md-enterprise.0484vrrehqn0g,sn,1,md-label.template_product_label
@md-enterprise.0484vrremqfpc,sn,1,md-label.template_product_label
@md-enterprise.0484vrrep8c1s,sn,1,md-label.template_product_label
